{
"lengthUnit": "mil",
"components": {
	"fields": ["COMPONENT_NO", "COMPONENT_NAME", "LAYER", "X_COORDINATE", "Y_COORDINATE", "ANGLE"],
	"rows": [
		[1, "BUZZER1", "T", 3005, 600, 180],
		[2, "C1", "T", 2345, 135, 180],
		[3, "C2", "T", 1420, 1020, 0],
		[4, "C3", "T", 1645, 890, 180],
		[5, "C4", "T", 1725, 225, 90],
		[6, "C5", "T", 1615, 225, 90],
		[7, "C6", "T", 1570, 1190, 270],
		[8, "C7", "T", 1830, 1360, 90],
		[9, "C8", "T", 1940, 1355, 90],
		[10, "C9", "T", 2705, 1225, 90],
		[11, "C10", "T", 2270, 1245, 270],
		[12, "C11", "T", 2450, 1090, 90],
		[13, "C12", "T", 2905, 1260, 270],
		[14, "D1", "T", 1520, 2905, 180],
		[15, "D2", "T", 2670, 730, 90],
		[16, "D6", "T", 650, 1390, 270],
		[17, "D7", "T", 2640, 2220, 180],
		[18, "D8", "T", 2120, 1785, 90],
		[19, "D9", "T", 325, 1200, 180],
		[20, "J1", "T", 2990, 2505, 90],
		[21, "K1", "T", 1255, 2360, 180],
		[22, "KEY1", "B", 2810, 135, 180],
		[23, "KEY2", "T", 370, 320, 0],
		[24, "KEY3", "T", 2030, 130, 0],
		[25, "L1", "T", 2615, 1405, 0],
		[26, "LED1", "B", 2625, 485, 180],
		[27, "P1", "B", 630, 1125, 270],
		[28, "R1", "T", 2835, 1775, 90],
		[29, "R2", "T", 2340, 10, 0],
		[30, "R3", "T", 2685, 1740, 180],
		[31, "R4", "T", 905, 1350, 180],
		[32, "R5", "T", 910, 1420, 180],
		[33, "R6", "T", 1740, 1555, 180],
		[34, "R7", "T", 2450, 1220, 90],
		[35, "R8", "T", 2800, 2635, 180],
		[36, "R9", "T", 2655, 1090, 180],
		[37, "R10", "T", 395, 1610, 90],
		[38, "R11", "T", 2595, 1020, 0],
		[39, "R12", "T", 395, 1420, 90],
		[40, "R13", "T", 3115, 2455, 270],
		[41, "R14", "T", 3140, 2315, 0],
		[42, "R15", "T", 2975, 2285, 270],
		[43, "SPARE1", "T", 1694.87, 667.59, 0],
		[44, "SPARE2", "T", 1694.87, 500.23, 0],
		[45, "TEST1", "T", 2145.6, 1494.83, 0],
		[46, "TEST2", "T", 3080, 1470, 0],
		[47, "TEST3", "T", 1092.64, 1556.87, 0],
		[48, "TEST4", "T", 2407.64, 306.87, 0],
		[49, "TEST5", "T", 2840.6, 1944.83, 0],
		[50, "U1", "T", 1135, 585, 180],
		[51, "U3", "T", 1445, 1410, 0],
		[52, "U4", "T", 2565, 1215, 90],
		[53, "U5", "B", 1985, 2470, 180],
		[54, "U6", "T", 2670, 1905, 90],
		[55, "U8", "T", 550, 2395, 270],
		[56, "U9", "T", 2225, 2400, 270],
		[57, "USB1", "T", 145, 1520, 270]
	]
},
"pins": {
	"fields": ["PIN_NO", "PIN_NAME", "PIN_X", "PIN_Y", "LAYER", "PIN_TYPE", "NET_NAME", "NET_TYPE", "PAD_SHAPE", "PAD_SIZEX", "PAD_SIZEY", "HOLE_SIZE", "PAD_ANGLE"],
	"rows": [
		[1, "BUZZER1_1", 3132.95, 600, "T", "DIP", "BUZ", "", "C", 70.87, 70.87, 39.37, 180],
		[2, "BUZZER1_1", 3132.95, 600, "B", "DIP", "BUZ", "", "C", 70.87, 70.87, 39.37, 180],
		[3, "BUZZER1_2", 2877.05, 600, "T", "DIP", "GND", "GND", "C", 70.87, 70.87, 39.37, 180],
		[4, "BUZZER1_2", 2877.05, 600, "B", "DIP", "GND", "GND", "C", 70.87, 70.87, 39.37, 180],
		[5, "C1_1", 2385.55, 135, "T", "SMD", "GND", "GND", "R", 55.51, 53.15, 0, 180],
		[6, "C1_2", 2304.45, 135, "T", "SMD", "MCU_RESET", "", "R", 55.51, 53.15, 0, 180],
		[7, "C2_1", 1392.44, 1020, "T", "SMD", "GND", "GND", "R", 31.5, 35.43, 0, 0],
		[8, "C2_2", 1447.56, 1020, "T", "SMD", "D+", "", "R", 31.5, 35.43, 0, 0],
		[9, "C3_1", 1672.56, 890, "T", "SMD", "GND", "GND", "R", 31.5, 35.43, 0, 180],
		[10, "C3_2", 1617.44, 890, "T", "SMD", "D-", "", "R", 31.5, 35.43, 0, 180],
		[11, "C4_1", 1725, 184.45, "T", "SMD", "GND", "GND", "R", 55.51, 53.15, 0, 90],
		[12, "C4_2", 1725, 265.55, "T", "SMD", "3V3", "", "R", 55.51, 53.15, 0, 90],
		[13, "C5_1", 1615, 184.45, "T", "SMD", "GND", "GND", "R", 55.51, 53.15, 0, 90],
		[14, "C5_2", 1615, 265.55, "T", "SMD", "3V3", "", "R", 55.51, 53.15, 0, 90],
		[15, "C6_1", 1570, 1230.55, "T", "SMD", "5V", "", "R", 55.51, 53.15, 0, 270],
		[16, "C6_2", 1570, 1149.45, "T", "SMD", "GND", "GND", "R", 55.51, 53.15, 0, 270],
		[17, "C7_1", 1830, 1319.45, "T", "SMD", "GND", "GND", "R", 55.51, 53.15, 0, 90],
		[18, "C7_2", 1830, 1400.55, "T", "SMD", "3V3", "", "R", 55.51, 53.15, 0, 90],
		[19, "C8_1", 1940, 1314.45, "T", "SMD", "GND", "GND", "R", 55.51, 53.15, 0, 90],
		[20, "C8_2", 1940, 1395.55, "T", "SMD", "3V3", "", "R", 55.51, 53.15, 0, 90],
		[21, "C9_1", 2705, 1197.44, "T", "SMD", "$1N15737", "", "R", 31.5, 35.43, 0, 90],
		[22, "C9_2", 2705, 1252.56, "T", "SMD", "$1N52138", "", "R", 31.5, 35.43, 0, 90],
		[23, "C10_1", 2270, 1350.12, "T", "SMD", "POW+", "", "R", 137.79, 47.24, 0, 270],
		[24, "C10_2", 2270, 1139.88, "T", "SMD", "GND", "GND", "R", 137.79, 47.24, 0, 270],
		[25, "C11_1", 2450, 1062.44, "T", "SMD", "GND", "GND", "R", 31.5, 35.43, 0, 90],
		[26, "C11_2", 2450, 1117.56, "T", "SMD", "POW+", "", "R", 31.5, 35.43, 0, 90],
		[27, "C12_1", 2905, 1365.12, "T", "SMD", "5V", "", "R", 137.79, 47.24, 0, 270],
		[28, "C12_2", 2905, 1154.88, "T", "SMD", "GND", "GND", "R", 137.79, 47.24, 0, 270],
		[29, "D1_1", 1581.02, 2905, "T", "SMD", "$1N85", "", "R", 39.37, 47.24, 0, 180],
		[30, "D1_2", 1458.98, 2905, "T", "SMD", "GND", "GND", "R", 39.37, 47.24, 0, 180],
		[31, "D2_1", 2670, 668.98, "T", "SMD", "$1N90", "", "R", 39.37, 47.24, 0, 90],
		[32, "D2_2", 2670, 791.02, "T", "SMD", "5V", "", "R", 39.37, 47.24, 0, 90],
		[33, "D6_1", 604.76, 1427.4, "T", "SMD", "DN", "", "R", 20.95, 42.2, 0, 270],
		[34, "D6_2", 604.76, 1390, "T", "SMD", "GND", "GND", "R", 20.95, 42.2, 0, 270],
		[35, "D6_3", 604.76, 1352.6, "T", "SMD", "DP", "", "R", 20.95, 42.2, 0, 270],
		[36, "D6_4", 695.24, 1352.6, "T", "SMD", "USB-D+", "", "R", 20.95, 42.2, 0, 270],
		[37, "D6_5", 695.24, 1390, "T", "SMD", "VBUS", "", "R", 20.95, 42.2, 0, 270],
		[38, "D6_6", 695.24, 1427.4, "T", "SMD", "USB-D-", "", "R", 20.95, 42.2, 0, 270],
		[39, "D7_1", 2726.61, 2220, "T", "SMD", "5V", "", "R", 78.74, 78.74, 0, 0],
		[40, "D7_2", 2553.39, 2220, "T", "SMD", "$1N59649", "", "R", 78.74, 78.74, 0, 0],
		[41, "D8_1", 2120, 1698.39, "T", "SMD", "POW+", "", "R", 78.74, 78.74, 0, 270],
		[42, "D8_2", 2120, 1871.61, "T", "SMD", "$1N59700", "", "R", 78.74, 78.74, 0, 270],
		[43, "D9_1", 411.61, 1200, "T", "SMD", "5V", "", "R", 78.74, 78.74, 0, 0],
		[44, "D9_2", 238.39, 1200, "T", "SMD", "VBUS", "", "R", 78.74, 78.74, 0, 0],
		[45, "J1_1", 2990, 2421, "T", "SMD", "$1N56060", "", "P", 50, 45, 0, 270],
		[46, "J1_2", 2990, 2489, "T", "SMD", "SPARE3", "", "P", 50, 45, 0, 270],
		[47, "K1_1", 1455.78, 2596.22, "T", "DIP", "$1N85", "", "C", 94.49, 94.49, 62.99, 180],
		[48, "K1_1", 1455.78, 2596.22, "B", "DIP", "$1N85", "", "C", 94.49, 94.49, 62.99, 180],
		[49, "K1_2", 975.48, 2596.22, "T", "DIP", "OUT_NO", "", "C", 94.49, 94.49, 62.99, 180],
		[50, "K1_2", 975.48, 2596.22, "B", "DIP", "OUT_NO", "", "C", 94.49, 94.49, 62.99, 180],
		[51, "K1_3", 975.48, 2123.78, "T", "DIP", "OUT_NC", "", "C", 94.49, 94.49, 62.99, 180],
		[52, "K1_3", 975.48, 2123.78, "B", "DIP", "OUT_NC", "", "C", 94.49, 94.49, 62.99, 180],
		[53, "K1_4", 1455.78, 2123.78, "T", "DIP", "GND", "GND", "C", 94.49, 94.49, 62.99, 180],
		[54, "K1_4", 1455.78, 2123.78, "B", "DIP", "GND", "GND", "C", 94.49, 94.49, 62.99, 180],
		[55, "K1_5", 1534.52, 2360, "T", "DIP", "OUT_COMMON", "", "C", 94.49, 94.49, 62.99, 180],
		[56, "K1_5", 1534.52, 2360, "B", "DIP", "OUT_COMMON", "", "C", 94.49, 94.49, 62.99, 180],
		[57, "KEY1_1", 2975.36, 223.58, "B", "SMD", "KEY1_1", "", "R", 74.8, 51.18, 0, 180],
		[58, "KEY1_2", 2644.65, 223.58, "B", "SMD", "GND", "GND", "R", 74.8, 51.18, 0, 180],
		[59, "KEY1_3", 2975.36, 46.42, "B", "SMD", "KEY1_3", "", "R", 74.8, 51.18, 0, 180],
		[60, "KEY1_4", 2644.65, 46.42, "B", "SMD", "CONFIG", "", "R", 74.8, 51.18, 0, 180],
		[61, "KEY2_1", 204.64, 408.58, "T", "SMD", "KEY2_1", "", "R", 74.8, 51.18, 0, 0],
		[62, "KEY2_2", 535.35, 408.58, "T", "SMD", "GND", "GND", "R", 74.8, 51.18, 0, 0],
		[63, "KEY2_3", 204.64, 231.42, "T", "SMD", "KEY2_3", "", "R", 74.8, 51.18, 0, 0],
		[64, "KEY2_4", 535.35, 231.42, "T", "SMD", "BOOT", "", "R", 74.8, 51.18, 0, 0],
		[65, "KEY3_1", 1864.64, 218.58, "T", "SMD", "GND", "GND", "R", 74.8, 51.18, 0, 0],
		[66, "KEY3_2", 2195.35, 218.58, "T", "SMD", "GND", "GND", "R", 74.8, 51.18, 0, 0],
		[67, "KEY3_3", 1864.64, 41.42, "T", "SMD", "KEY3_3", "", "R", 74.8, 51.18, 0, 0],
		[68, "KEY3_4", 2195.35, 41.42, "T", "SMD", "MCU_RESET", "", "R", 74.8, 51.18, 0, 0],
		[69, "L1_1", 2552.01, 1405, "T", "SMD", "$1N52138", "", "R", 62.99, 137.79, 0, 0],
		[70, "L1_2", 2677.99, 1405, "T", "SMD", "5V", "", "R", 62.99, 137.79, 0, 0],
		[71, "LED1_1", 2548.23, 485, "T", "DIP", "LED1_1", "", "C", 39.37, 39.37, 27.56, 180],
		[72, "LED1_1", 2548.23, 485, "B", "DIP", "LED1_1", "", "C", 39.37, 39.37, 27.56, 180],
		[73, "LED1_2", 2599.41, 485, "T", "DIP", "$1N90", "", "C", 39.37, 39.37, 27.56, 180],
		[74, "LED1_2", 2599.41, 485, "B", "DIP", "$1N90", "", "C", 39.37, 39.37, 27.56, 180],
		[75, "LED1_3", 2650.59, 485, "T", "DIP", "GND", "GND", "C", 39.37, 39.37, 27.56, 180],
		[76, "LED1_3", 2650.59, 485, "B", "DIP", "GND", "GND", "C", 39.37, 39.37, 27.56, 180],
		[77, "LED1_4", 2701.77, 485, "T", "DIP", "NEO", "", "C", 39.37, 39.37, 27.56, 180],
		[78, "LED1_4", 2701.77, 485, "B", "DIP", "NEO", "", "C", 39.37, 39.37, 27.56, 180],
		[79, "P1_1", 84.99, 520.01, "T", "DIP", "RFID_SDA", "", "R", 59.05, 70.87, 36, 90],
		[80, "P1_1", 84.99, 520.01, "B", "DIP", "RFID_SDA", "", "R", 59.05, 70.87, 36, 90],
		[81, "P1_2", 84.99, 620.01, "T", "DIP", "RFID_SCK", "", "R", 59.05, 70.87, 36, 90],
		[82, "P1_2", 84.99, 620.01, "B", "DIP", "RFID_SCK", "", "R", 59.05, 70.87, 36, 90],
		[83, "P1_3", 84.99, 720.01, "T", "DIP", "RFID_MOSI", "", "R", 59.05, 70.87, 36, 90],
		[84, "P1_3", 84.99, 720.01, "B", "DIP", "RFID_MOSI", "", "R", 59.05, 70.87, 36, 90],
		[85, "P1_4", 84.99, 820.01, "T", "DIP", "RFID_MISO", "", "R", 59.05, 70.87, 36, 90],
		[86, "P1_4", 84.99, 820.01, "B", "DIP", "RFID_MISO", "", "R", 59.05, 70.87, 36, 90],
		[87, "P1_5", 84.99, 920.01, "T", "DIP", "P1_5", "", "R", 59.05, 70.87, 36, 90],
		[88, "P1_5", 84.99, 920.01, "B", "DIP", "P1_5", "", "R", 59.05, 70.87, 36, 90],
		[89, "P1_6", 84.99, 1020.01, "T", "DIP", "GND", "GND", "R", 59.05, 70.87, 36, 90],
		[90, "P1_6", 84.99, 1020.01, "B", "DIP", "GND", "GND", "R", 59.05, 70.87, 36, 90],
		[91, "P1_7", 84.99, 1120.01, "T", "DIP", "RFID_RST", "", "R", 59.05, 70.87, 36, 90],
		[92, "P1_7", 84.99, 1120.01, "B", "DIP", "RFID_RST", "", "R", 59.05, 70.87, 36, 90],
		[93, "P1_8", 84.99, 1220.01, "T", "DIP", "3V3", "", "R", 59.05, 70.87, 36, 90],
		[94, "P1_8", 84.99, 1220.01, "B", "DIP", "3V3", "", "R", 59.05, 70.87, 36, 90],
		[95, "R1_1", 2835, 1735.63, "T", "SMD", "$1N86", "", "R", 44.59, 54.21, 0, 90],
		[96, "R1_2", 2835, 1814.37, "T", "SMD", "3V3", "", "R", 44.59, 54.21, 0, 90],
		[97, "R2_1", 2300.63, 10, "T", "SMD", "MCU_RESET", "", "R", 44.59, 54.21, 0, 0],
		[98, "R2_2", 2379.37, 10, "T", "SMD", "3V3", "", "R", 44.59, 54.21, 0, 0],
		[99, "R3_1", 2724.37, 1740, "T", "SMD", "$1N86", "", "R", 44.59, 54.21, 0, 180],
		[100, "R3_2", 2645.63, 1740, "T", "SMD", "CMD", "", "R", 44.59, 54.21, 0, 180],
		[101, "R4_1", 934.66, 1350, "T", "SMD", "D+", "", "R", 31.75, 34.02, 0, 180],
		[102, "R4_2", 875.34, 1350, "T", "SMD", "USB-D+", "", "R", 31.75, 34.02, 0, 180],
		[103, "R5_1", 939.66, 1420, "T", "SMD", "D-", "", "R", 31.75, 34.02, 0, 180],
		[104, "R5_2", 880.34, 1420, "T", "SMD", "USB-D-", "", "R", 31.75, 34.02, 0, 180],
		[105, "R6_1", 1779.37, 1555, "T", "SMD", "GND", "GND", "R", 44.59, 54.21, 0, 180],
		[106, "R6_2", 1700.63, 1555, "T", "SMD", "5V", "", "R", 44.59, 54.21, 0, 180],
		[107, "R7_1", 2450, 1190.34, "T", "SMD", "POW+", "", "R", 31.75, 34.02, 0, 90],
		[108, "R7_2", 2450, 1249.66, "T", "SMD", "$1N15956", "", "R", 31.75, 34.02, 0, 90],
		[109, "R8_1", 2900, 2685, "T", "DIP", "GND", "GND", "C", 60, 60, 30, 180],
		[110, "R8_1", 2900, 2685, "B", "DIP", "GND", "GND", "C", 60, 60, 30, 180],
		[111, "R8_2", 2800, 2585, "T", "DIP", "$1N26975", "", "C", 60, 60, 30, 180],
		[112, "R8_2", 2800, 2585, "B", "DIP", "$1N26975", "", "C", 60, 60, 30, 180],
		[113, "R8_3", 2700, 2685, "T", "DIP", "$1N26975", "", "C", 60, 60, 30, 180],
		[114, "R8_3", 2700, 2685, "B", "DIP", "$1N26975", "", "C", 60, 60, 30, 180],
		[115, "R9_1", 2684.66, 1090, "T", "SMD", "5V", "", "R", 31.75, 34.02, 0, 180],
		[116, "R9_2", 2625.34, 1090, "T", "SMD", "$1N52395", "", "R", 31.75, 34.02, 0, 180],
		[117, "R10_1", 395, 1580.34, "T", "SMD", "$1N25390", "", "R", 31.75, 34.02, 0, 90],
		[118, "R10_2", 395, 1639.66, "T", "SMD", "GND", "GND", "R", 31.75, 34.02, 0, 90],
		[119, "R11_1", 2565.34, 1020, "T", "SMD", "GND", "GND", "R", 31.75, 34.02, 0, 0],
		[120, "R11_2", 2624.66, 1020, "T", "SMD", "$1N52395", "", "R", 31.75, 34.02, 0, 0],
		[121, "R12_1", 395, 1390.34, "T", "SMD", "GND", "GND", "R", 31.75, 34.02, 0, 90],
		[122, "R12_2", 395, 1449.66, "T", "SMD", "$1N24952", "", "R", 31.75, 34.02, 0, 90],
		[123, "R13_1", 3115, 2484.66, "T", "SMD", "SPARE3", "", "R", 31.75, 34.02, 0, 270],
		[124, "R13_2", 3115, 2425.34, "T", "SMD", "$1N56060", "", "R", 31.75, 34.02, 0, 270],
		[125, "R14_1", 3110.34, 2315, "T", "SMD", "$1N59600", "", "R", 31.75, 34.02, 0, 0],
		[126, "R14_2", 3169.66, 2315, "T", "SMD", "SPARE3", "", "R", 31.75, 34.02, 0, 0],
		[127, "R15_1", 2975, 2314.66, "T", "SMD", "$1N59600", "", "R", 31.75, 34.02, 0, 270],
		[128, "R15_2", 2975, 2255.34, "T", "SMD", "GND", "GND", "R", 31.75, 34.02, 0, 270],
		[129, "SPARE1_1", 1694.87, 667.59, "T", "DIP", "IO17", "", "C", 78.74, 78.74, 51.18, 0],
		[130, "SPARE1_1", 1694.87, 667.59, "B", "DIP", "IO17", "", "C", 78.74, 78.74, 51.18, 0],
		[131, "SPARE2_1", 1694.87, 500.23, "T", "DIP", "IO16", "", "C", 78.74, 78.74, 51.18, 0],
		[132, "SPARE2_1", 1694.87, 500.23, "B", "DIP", "IO16", "", "C", 78.74, 78.74, 51.18, 0],
		[133, "TEST1_1", 2145.6, 1494.83, "T", "DIP", "POW+", "", "C", 78.74, 78.74, 51.18, 0],
		[134, "TEST1_1", 2145.6, 1494.83, "B", "DIP", "POW+", "", "C", 78.74, 78.74, 51.18, 0],
		[135, "TEST2_1", 3080, 1470, "T", "DIP", "5V", "", "C", 78.74, 78.74, 51.18, 0],
		[136, "TEST2_1", 3080, 1470, "B", "DIP", "5V", "", "C", 78.74, 78.74, 51.18, 0],
		[137, "TEST3_1", 1092.64, 1556.87, "T", "DIP", "3V3", "", "C", 78.74, 78.74, 51.18, 0],
		[138, "TEST3_1", 1092.64, 1556.87, "B", "DIP", "3V3", "", "C", 78.74, 78.74, 51.18, 0],
		[139, "TEST4_1", 2407.64, 306.87, "T", "DIP", "MCU_RESET", "", "C", 78.74, 78.74, 51.18, 0],
		[140, "TEST4_1", 2407.64, 306.87, "B", "DIP", "MCU_RESET", "", "C", 78.74, 78.74, 51.18, 0],
		[141, "TEST5_1", 2840.6, 1944.83, "T", "DIP", "$1N86", "", "C", 78.74, 78.74, 51.18, 0],
		[142, "TEST5_1", 2840.6, 1944.83, "B", "DIP", "$1N86", "", "C", 78.74, 78.74, 51.18, 0],
		[143, "U1_1", 1479.49, 234.8, "T", "SMD", "GND", "GND", "R", 59.05, 35.43, 0, 180],
		[144, "U1_2", 1479.49, 284.8, "T", "SMD", "3V3", "", "R", 59.05, 35.43, 0, 180],
		[145, "U1_3", 1479.49, 334.8, "T", "SMD", "MCU_RESET", "", "R", 59.05, 35.43, 0, 180],
		[146, "U1_4", 1479.49, 384.8, "T", "SMD", "U1_4", "", "R", 59.05, 35.43, 0, 180],
		[147, "U1_5", 1479.49, 434.81, "T", "SMD", "U1_5", "", "R", 59.05, 35.43, 0, 180],
		[148, "U1_6", 1479.49, 484.81, "T", "SMD", "U1_6", "", "R", 59.05, 35.43, 0, 180],
		[149, "U1_7", 1479.49, 534.8, "T", "SMD", "U1_7", "", "R", 59.05, 35.43, 0, 180],
		[150, "U1_8", 1479.49, 584.8, "T", "SMD", "BUZ", "", "R", 59.05, 35.43, 0, 180],
		[151, "U1_9", 1479.49, 634.8, "T", "SMD", "IO16", "", "R", 59.05, 35.43, 0, 180],
		[152, "U1_10", 1479.49, 684.8, "T", "SMD", "IO17", "", "R", 59.05, 35.43, 0, 180],
		[153, "U1_11", 1479.49, 734.8, "T", "SMD", "NEO", "", "R", 59.05, 35.43, 0, 180],
		[154, "U1_12", 1479.49, 784.8, "T", "SMD", "CONFIG", "", "R", 59.05, 35.43, 0, 180],
		[155, "U1_13", 1479.49, 834.8, "T", "SMD", "D-", "", "R", 59.05, 35.43, 0, 180],
		[156, "U1_14", 1479.49, 884.8, "T", "SMD", "D+", "", "R", 59.05, 35.43, 0, 180],
		[157, "U1_15", 1410, 935.19, "T", "SMD", "U1_15", "", "R", 59.05, 35.43, 0, 270],
		[158, "U1_16", 1360, 935.19, "T", "SMD", "U1_16", "", "R", 59.05, 35.43, 0, 270],
		[159, "U1_17", 1310, 935.19, "T", "SMD", "U1_17", "", "R", 59.05, 35.43, 0, 270],
		[160, "U1_18", 1260, 935.19, "T", "SMD", "CMD", "", "R", 59.05, 35.43, 0, 270],
		[161, "U1_19", 1210, 935.19, "T", "SMD", "U1_19", "", "R", 59.05, 35.43, 0, 270],
		[162, "U1_20", 1160, 935.19, "T", "SMD", "SPARE3", "", "R", 59.05, 35.43, 0, 270],
		[163, "U1_21", 1110, 935.19, "T", "SMD", "LCD_RS", "", "R", 59.05, 35.43, 0, 270],
		[164, "U1_22", 1060, 935.19, "T", "SMD", "LCD_EN", "", "R", 59.05, 35.43, 0, 270],
		[165, "U1_23", 1010, 935.19, "T", "SMD", "LCD_D4", "", "R", 59.05, 35.43, 0, 270],
		[166, "U1_24", 960, 935.19, "T", "SMD", "LCD_D5", "", "R", 59.05, 35.43, 0, 270],
		[167, "U1_25", 910, 935.19, "T", "SMD", "LCD_D6", "", "R", 59.05, 35.43, 0, 270],
		[168, "U1_26", 860, 934.01, "T", "SMD", "U1_26", "", "R", 59.05, 35.43, 0, 270],
		[169, "U1_27", 790.51, 884.81, "T", "SMD", "BOOT", "", "R", 59.05, 35.43, 0, 0],
		[170, "U1_28", 790.51, 834.81, "T", "SMD", "RFID_RST", "", "R", 59.05, 35.43, 0, 0],
		[171, "U1_29", 790.51, 784.81, "T", "SMD", "RFID_MISO", "", "R", 59.05, 35.43, 0, 0],
		[172, "U1_30", 790.51, 734.81, "T", "SMD", "RFID_MOSI", "", "R", 59.05, 35.43, 0, 0],
		[173, "U1_31", 790.51, 684.81, "T", "SMD", "RFID_SCK", "", "R", 59.05, 35.43, 0, 0],
		[174, "U1_32", 790.51, 634.81, "T", "SMD", "RFID_SDA", "", "R", 59.05, 35.43, 0, 0],
		[175, "U1_33", 790.51, 584.81, "T", "SMD", "LCD_D7", "", "R", 59.05, 35.43, 0, 0],
		[176, "U1_34", 790.51, 534.81, "T", "SMD", "U1_34", "", "R", 59.05, 35.43, 0, 0],
		[177, "U1_35", 790.51, 484.81, "T", "SMD", "U1_35", "", "R", 59.05, 35.43, 0, 0],
		[178, "U1_36", 790.51, 434.81, "T", "SMD", "U1_36", "", "R", 59.05, 35.43, 0, 0],
		[179, "U1_37", 790.51, 384.81, "T", "SMD", "U1_37", "", "R", 59.05, 35.43, 0, 0],
		[180, "U1_38", 790.51, 334.81, "T", "SMD", "U1_38", "", "R", 59.05, 35.43, 0, 0],
		[181, "U1_39", 790.51, 284.81, "T", "SMD", "U1_39", "", "R", 59.05, 35.43, 0, 0],
		[182, "U1_40", 790.51, 234.81, "T", "SMD", "GND", "GND", "R", 59.05, 35.43, 0, 0],
		[183, "U1_41", 1138.94, 593.87, "T", "SMD", "GND", "GND", "R", 35.43, 35.43, 0, 270],
		[184, "U1_41", 1194.06, 593.87, "T", "SMD", "GND", "GND", "R", 35.43, 35.43, 0, 270],
		[185, "U1_41", 1249.18, 593.87, "T", "SMD", "GND", "GND", "R", 35.43, 35.43, 0, 270],
		[186, "U1_41", 1249.18, 483.63, "T", "SMD", "GND", "GND", "R", 35.43, 35.43, 0, 270],
		[187, "U1_41", 1194.06, 483.63, "T", "SMD", "GND", "GND", "R", 35.43, 35.43, 0, 270],
		[188, "U1_41", 1138.94, 483.63, "T", "SMD", "GND", "GND", "R", 35.43, 35.43, 0, 270],
		[189, "U1_41", 1138.94, 538.75, "T", "SMD", "GND", "GND", "R", 35.43, 35.43, 0, 270],
		[190, "U1_41", 1249.18, 538.75, "T", "SMD", "GND", "GND", "R", 35.43, 35.43, 0, 270],
		[191, "U1_41", 1194.06, 538.75, "T", "SMD", "GND", "GND", "R", 35.43, 35.43, 0, 270],
		[192, "U3_1", 1557.5, 1319.45, "T", "SMD", "GND", "GND", "R", 97.05, 41.34, 0, 0],
		[193, "U3_2", 1557.5, 1410, "T", "SMD", "3V3", "", "R", 97.05, 41.34, 0, 0],
		[194, "U3_3", 1557.5, 1500.55, "T", "SMD", "5V", "", "R", 97.05, 41.34, 0, 0],
		[195, "U3_4", 1332.5, 1410, "T", "SMD", "3V3", "", "R", 97.05, 139.37, 0, 0],
		[196, "U4_1", 2610.24, 1177.6, "T", "SMD", "$1N15737", "", "R", 20.95, 42.2, 0, 90],
		[197, "U4_2", 2610.24, 1215, "T", "SMD", "GND", "GND", "R", 20.95, 42.2, 0, 90],
		[198, "U4_3", 2610.24, 1252.4, "T", "SMD", "$1N52395", "", "R", 20.95, 42.2, 0, 90],
		[199, "U4_4", 2519.76, 1252.4, "T", "SMD", "$1N15956", "", "R", 20.95, 42.2, 0, 90],
		[200, "U4_5", 2519.76, 1215, "T", "SMD", "POW+", "", "R", 20.95, 42.2, 0, 90],
		[201, "U4_6", 2519.76, 1177.6, "T", "SMD", "$1N52138", "", "R", 20.95, 42.2, 0, 90],
		[202, "U5_1", 2869, 3021, "T", "DIP", "GND", "GND", "R", 59, 59, 36, 0],
		[203, "U5_1", 2869, 3021, "B", "DIP", "GND", "GND", "R", 59, 59, 36, 0],
		[204, "U5_2", 2769, 3021, "T", "DIP", "5V", "", "C", 59, 59, 36, 0],
		[205, "U5_2", 2769, 3021, "B", "DIP", "5V", "", "C", 59, 59, 36, 0],
		[206, "U5_3", 2669, 3021, "T", "DIP", "$1N26975", "", "C", 59, 59, 36, 0],
		[207, "U5_3", 2669, 3021, "B", "DIP", "$1N26975", "", "C", 59, 59, 36, 0],
		[208, "U5_4", 2569, 3021, "T", "DIP", "LCD_RS", "", "C", 59, 59, 36, 0],
		[209, "U5_4", 2569, 3021, "B", "DIP", "LCD_RS", "", "C", 59, 59, 36, 0],
		[210, "U5_5", 2469, 3021, "T", "DIP", "GND", "GND", "C", 59, 59, 36, 0],
		[211, "U5_5", 2469, 3021, "B", "DIP", "GND", "GND", "C", 59, 59, 36, 0],
		[212, "U5_6", 2369, 3021, "T", "DIP", "LCD_EN", "", "C", 59, 59, 36, 0],
		[213, "U5_6", 2369, 3021, "B", "DIP", "LCD_EN", "", "C", 59, 59, 36, 0],
		[214, "U5_7", 2269, 3021, "T", "DIP", "U5_7", "", "C", 59, 59, 36, 0],
		[215, "U5_7", 2269, 3021, "B", "DIP", "U5_7", "", "C", 59, 59, 36, 0],
		[216, "U5_8", 2169, 3021, "T", "DIP", "U5_8", "", "C", 59, 59, 36, 0],
		[217, "U5_8", 2169, 3021, "B", "DIP", "U5_8", "", "C", 59, 59, 36, 0],
		[218, "U5_9", 2069, 3021, "T", "DIP", "U5_9", "", "C", 59, 59, 36, 0],
		[219, "U5_9", 2069, 3021, "B", "DIP", "U5_9", "", "C", 59, 59, 36, 0],
		[220, "U5_10", 1969, 3021, "T", "DIP", "U5_10", "", "C", 59, 59, 36, 0],
		[221, "U5_10", 1969, 3021, "B", "DIP", "U5_10", "", "C", 59, 59, 36, 0],
		[222, "U5_11", 1869, 3021, "T", "DIP", "LCD_D4", "", "C", 59, 59, 36, 0],
		[223, "U5_11", 1869, 3021, "B", "DIP", "LCD_D4", "", "C", 59, 59, 36, 0],
		[224, "U5_12", 1769, 3021, "T", "DIP", "LCD_D5", "", "C", 59, 59, 36, 0],
		[225, "U5_12", 1769, 3021, "B", "DIP", "LCD_D5", "", "C", 59, 59, 36, 0],
		[226, "U5_13", 1669, 3021, "T", "DIP", "LCD_D6", "", "C", 59, 59, 36, 0],
		[227, "U5_13", 1669, 3021, "B", "DIP", "LCD_D6", "", "C", 59, 59, 36, 0],
		[228, "U5_14", 1569, 3021, "T", "DIP", "LCD_D7", "", "C", 59, 59, 36, 0],
		[229, "U5_14", 1569, 3021, "B", "DIP", "LCD_D7", "", "C", 59, 59, 36, 0],
		[230, "U5_15", 1469, 3021, "T", "DIP", "3V3", "", "C", 59, 59, 36, 0],
		[231, "U5_15", 1469, 3021, "B", "DIP", "3V3", "", "C", 59, 59, 36, 0],
		[232, "U5_16", 1369, 3021, "T", "DIP", "GND", "GND", "C", 59, 59, 36, 0],
		[233, "U5_16", 1369, 3021, "B", "DIP", "GND", "GND", "C", 59, 59, 36, 0],
		[234, "U6_1", 2707.4, 1944.37, "T", "SMD", "$1N86", "", "R", 49.21, 27.56, 0, 90],
		[235, "U6_2", 2632.6, 1944.37, "T", "SMD", "3V3", "", "R", 49.21, 27.56, 0, 90],
		[236, "U6_3", 2670, 1865.63, "T", "SMD", "$1N85", "", "R", 49.21, 27.56, 0, 90],
		[237, "U8_1", 550, 2690.27, "T", "DIP", "OUT_NO", "", "C", 98.42, 98.42, 66.93, 270],
		[238, "U8_1", 550, 2690.27, "B", "DIP", "OUT_NO", "", "C", 98.42, 98.42, 66.93, 270],
		[239, "U8_2", 550, 2493.43, "T", "DIP", "OUT_COMMON", "", "C", 98.42, 98.42, 66.93, 270],
		[240, "U8_2", 550, 2493.43, "B", "DIP", "OUT_COMMON", "", "C", 98.42, 98.42, 66.93, 270],
		[241, "U8_3", 550, 2296.57, "T", "DIP", "OUT_NC", "", "C", 98.42, 98.42, 66.93, 270],
		[242, "U8_3", 550, 2296.57, "B", "DIP", "OUT_NC", "", "C", 98.42, 98.42, 66.93, 270],
		[243, "U8_4", 550, 2099.72, "T", "DIP", "PGND", "", "C", 98.42, 98.42, 66.93, 270],
		[244, "U8_4", 550, 2099.72, "B", "DIP", "PGND", "", "C", 98.42, 98.42, 66.93, 270],
		[245, "U9_1", 2225, 2695.27, "T", "DIP", "GND", "GND", "C", 98.42, 98.42, 66.93, 270],
		[246, "U9_1", 2225, 2695.27, "B", "DIP", "GND", "GND", "C", 98.42, 98.42, 66.93, 270],
		[247, "U9_2", 2225, 2498.43, "T", "DIP", "$1N59700", "", "C", 98.42, 98.42, 66.93, 270],
		[248, "U9_2", 2225, 2498.43, "B", "DIP", "$1N59700", "", "C", 98.42, 98.42, 66.93, 270],
		[249, "U9_3", 2225, 2301.57, "T", "DIP", "$1N56060", "", "C", 98.42, 98.42, 66.93, 270],
		[250, "U9_3", 2225, 2301.57, "B", "DIP", "$1N56060", "", "C", 98.42, 98.42, 66.93, 270],
		[251, "U9_4", 2225, 2104.72, "T", "DIP", "$1N59649", "", "C", 98.42, 98.42, 66.93, 270],
		[252, "U9_4", 2225, 2104.72, "B", "DIP", "$1N59649", "", "C", 98.42, 98.42, 66.93, 270],
		[253, "USB1_A1B12", 241.9, 1645.98, "T", "SMD", "GND", "GND", "R", 23.62, 51.18, 0, 270],
		[254, "USB1_A4B9", 241.9, 1614.49, "T", "SMD", "VBUS", "", "R", 23.62, 51.18, 0, 270],
		[255, "USB1_A5", 241.9, 1569.21, "T", "SMD", "$1N25390", "", "R", 11.81, 51.18, 0, 270],
		[256, "USB1_A6", 241.9, 1529.84, "T", "SMD", "DP", "", "R", 11.81, 51.18, 0, 270],
		[257, "USB1_A7", 241.9, 1510.16, "T", "SMD", "DN", "", "R", 11.81, 51.18, 0, 270],
		[258, "USB1_A8", 241.9, 1470.79, "T", "SMD", "USB1_A8", "", "R", 11.81, 51.18, 0, 270],
		[259, "USB1_B1A12", 241.9, 1394.02, "T", "SMD", "GND", "GND", "R", 23.62, 51.18, 0, 270],
		[260, "USB1_B4A9", 241.9, 1425.51, "T", "SMD", "VBUS", "", "R", 23.62, 51.18, 0, 270],
		[261, "USB1_B5", 241.9, 1451.1, "T", "SMD", "$1N24952", "", "R", 11.81, 51.18, 0, 270],
		[262, "USB1_B6", 241.9, 1490.47, "T", "SMD", "DP", "", "R", 11.81, 51.18, 0, 270],
		[263, "USB1_B7", 241.9, 1549.53, "T", "SMD", "DN", "", "R", 11.81, 51.18, 0, 270],
		[264, "USB1_B8", 241.9, 1588.9, "T", "SMD", "USB1_B8", "", "R", 11.81, 51.18, 0, 270],
		[265, "USB1_SHELL", 48.1, 1349.92, "T", "DIP", "GND", "GND", "O", 47.24, 70.87, 51.18, 270],
		[266, "USB1_SHELL", 48.1, 1349.92, "B", "DIP", "GND", "GND", "O", 47.24, 70.87, 51.18, 270],
		[267, "USB1_SHELL", 48.1, 1690.08, "T", "DIP", "GND", "GND", "O", 47.24, 70.87, 51.18, 270],
		[268, "USB1_SHELL", 48.1, 1690.08, "B", "DIP", "GND", "GND", "O", 47.24, 70.87, 51.18, 270],
		[269, "USB1_SHELL", 212.67, 1349.92, "T", "DIP", "GND", "GND", "O", 47.24, 86.61, 70.87, 270],
		[270, "USB1_SHELL", 212.67, 1349.92, "B", "DIP", "GND", "GND", "O", 47.24, 86.61, 70.87, 270],
		[271, "USB1_SHELL", 212.67, 1690.08, "T", "DIP", "GND", "GND", "O", 47.24, 86.61, 70.87, 270],
		[272, "USB1_SHELL", 212.67, 1690.08, "B", "DIP", "GND", "GND", "O", 47.24, 86.61, 70.87, 270]
	]
}
}