{
  "version": 1,
  "author": "Uri Shaked",
  "editor": "wokwi",
  "parts": [
    { "type": "wokwi-esp32-devkit-v1", "id": "esp", "top": 0, "left": 0, "attrs": {} },
    { "type": "wokwi-lcd1602", "id": "lcd1", "top": -93.92, "left": 140.23, "attrs": {} },
    {
      "type": "wokwi-buzzer",
      "id": "bz1",
      "top": 94.48,
      "left": -183.57,
      "rotate": 270,
      "attrs": { "volume": "0.1" }
    },
    {
      "type": "wokwi-relay-module",
      "id": "relay1",
      "top": -95.79,
      "left": -146.72,
      "rotate": 270,
      "attrs": {}
    }
  ],
  "connections": [
    [ "esp:TX0", "$serialMonitor:RX", "", [] ],
    [ "esp:RX0", "$serialMonitor:TX", "", [] ],
    [ "lcd1:RS", "esp:D15", "orange", [ "v0" ] ],
    [ "esp:GND.1", "lcd1:K", "black", [ "h0" ] ],
    [ "esp:3V3", "lcd1:A", "red", [ "v0.67", "h206.57" ] ],
    [ "esp:D18", "lcd1:E", "gray", [ "h0" ] ],
    [ "bz1:1", "esp:GND.2", "black", [ "v0" ] ],
    [ "esp:D12", "bz1:2", "violet", [ "h0" ] ],
    [ "esp:GND.2", "relay1:GND", "black", [ "h0" ] ],
    [ "esp:D14", "relay1:IN", "blue", [ "h0" ] ],
    [ "relay1:VCC", "esp:3V3", "red", [ "v221.77", "h213.23", "v-60.71" ] ],
    [ "lcd1:VSS", "lcd1:K", "black", [ "v18.03", "h144.73" ] ],
    [ "lcd1:RW", "lcd1:K", "black", [ "v28.16", "h82.13" ] ],
    [ "lcd1:VDD", "esp:3V3", "red", [ "v0" ] ],
    [ "lcd1:D4", "esp:D2", "green", [ "v0" ] ],
    [ "lcd1:D5", "esp:D4", "green", [ "v0" ] ],
    [ "lcd1:D6", "esp:D5", "green", [ "v0" ] ],
    [ "lcd1:D7", "esp:D19", "green", [ "v0" ] ]
  ],
  "serialMonitor": { "display": "terminal" },
  "dependencies": {}
}